FLAG,ISO_NO,ISO2,ISO3,COMMON_NAME,FORMAL_NAME,UN,RECOG,POP,AREA
https://upload.wikimedia.org/wikipedia/commons/0/00/Flag_of_the_Vatican_City.svg,336,VA,VAT,Vatican City,Vatican City State,Observer,195,1000,0.49
https://upload.wikimedia.org/wikipedia/commons/e/ea/Flag_of_Monaco.svg,492,MC,MCO,Monaco,Principality of Monaco,Member,195,40000,2
https://upload.wikimedia.org/wikipedia/commons/3/30/Flag_of_Nauru.svg,520,NR,NRU,Nauru,Republic of Nauru,Member,195,11000,20
https://upload.wikimedia.org/wikipedia/commons/3/38/Flag_of_Tuvalu.svg,798,TV,TUV,Tuvalu,,Member,195,12000,30
https://upload.wikimedia.org/wikipedia/commons/b/b1/Flag_of_San_Marino.svg,674,SM,SMR,San Marino,Republic of San Marino,Member,195,34000,60
https://upload.wikimedia.org/wikipedia/commons/4/47/Flag_of_Liechtenstein.svg,438,LI,LIE,Liechtenstein,Principality of Liechtenstein,Member,195,38000,160
https://upload.wikimedia.org/wikipedia/commons/2/2e/Flag_of_the_Marshall_Islands.svg,584,MH,MHL,Marshall Islands,Republic of the Marshall Islands,Member,195,60000,180
https://upload.wikimedia.org/wikipedia/commons/f/fe/Flag_of_Saint_Kitts_and_Nevis.svg,659,KN,KNA,Saint Kitts and Nevis,Federation of Saint Christopher and Nevis,Member,195,54000,260
https://upload.wikimedia.org/wikipedia/commons/0/0f/Flag_of_Maldives.svg,462,MV,MDV,Maldives,Republic of Maldives,Member,195,544000,300
https://upload.wikimedia.org/wikipedia/commons/7/73/Flag_of_Malta.svg,470,MT,MLT,Malta,Republic of Malta,Member,195,443000,320
https://upload.wikimedia.org/wikipedia/commons/b/bc/Flag_of_Grenada.svg,308,GD,GRD,Grenada,,Member,195,113000,340
https://upload.wikimedia.org/wikipedia/commons/6/6d/Flag_of_Saint_Vincent_and_the_Grenadines.svg,670,VC,VCT,Saint Vincent and the Grenadines,,Member,195,111000,390
https://upload.wikimedia.org/wikipedia/commons/e/ef/Flag_of_Barbados.svg,52,BB,BRB,Barbados,,Member,195,288000,430
https://upload.wikimedia.org/wikipedia/commons/8/89/Flag_of_Antigua_and_Barbuda.svg,28,AG,ATG,Antigua and Barbuda,,Member,195,99000,440
https://upload.wikimedia.org/wikipedia/commons/4/48/Flag_of_Palau.svg,585,PW,PLW,Palau,Republic of Palau,Member,195,18000,460
https://upload.wikimedia.org/wikipedia/commons/f/fc/Flag_of_Seychelles.svg,690,SC,SYC,Seychelles,Republic of Seychelles,Member,195,99000,460
https://upload.wikimedia.org/wikipedia/commons/1/19/Flag_of_Andorra.svg,20,AD,AND,Andorra,Principality of Andorra,Member,195,77000,470
https://upload.wikimedia.org/wikipedia/commons/9/9f/Flag_of_Saint_Lucia.svg,662,LC,LCA,Saint Lucia,,Member,195,184000,610
https://upload.wikimedia.org/wikipedia/commons/e/e4/Flag_of_the_Federated_States_of_Micronesia.svg,583,FM,FSM,Micronesia,Federated States of Micronesia,Member,195,116000,700
https://upload.wikimedia.org/wikipedia/commons/4/48/Flag_of_Singapore.svg,702,SG,SGP,Singapore,Republic of Singapore,Member,195,5897000,709
https://upload.wikimedia.org/wikipedia/commons/9/9a/Flag_of_Tonga.svg,776,TO,TON,Tonga,Kingdom of Tonga,Member,195,107000,720
https://upload.wikimedia.org/wikipedia/commons/c/c4/Flag_of_Dominica.svg,212,DM,DMA,Dominica,Commonwealth of Dominica,Member,195,72000,750
https://upload.wikimedia.org/wikipedia/commons/2/2c/Flag_of_Bahrain.svg,48,BH,BHR,Bahrain,Kingdom of Bahrain,Member,195,1748000,771
https://upload.wikimedia.org/wikipedia/commons/d/d3/Flag_of_Kiribati.svg,296,KI,KIR,Kiribati,Republic of Kiribati,Member,195,121000,810
https://upload.wikimedia.org/wikipedia/commons/4/4f/Flag_of_Sao_Tome_and_Principe.svg,678,ST,STP,São Tomé and Príncipe,Democratic Republic of São Tomé and Príncipe,Member,195,223000,960
https://upload.wikimedia.org/wikipedia/commons/9/94/Flag_of_the_Comoros.svg,174,KM,COM,Comoros,Union of the Comoros,Member,195,888000,1861
https://upload.wikimedia.org/wikipedia/commons/7/77/Flag_of_Mauritius.svg,480,MU,MUS,Mauritius,Republic of Mauritius,Member,195,1273000,2030
https://upload.wikimedia.org/wikipedia/commons/d/da/Flag_of_Luxembourg.svg,442,LU,LUX,Luxembourg,Grand Duchy of Luxembourg,Member,195,635000,2590
https://upload.wikimedia.org/wikipedia/commons/3/31/Flag_of_Samoa.svg,882,WS,WSM,Samoa,Independent State of Samoa,Member,195,200000,2830
https://upload.wikimedia.org/wikipedia/commons/3/3d/Flag_of_Artsakh.svg,,,,Artsakh,Republic of Artsakh,None,0,148800,3170
https://upload.wikimedia.org/wikipedia/commons/1/1e/Flag_of_the_Turkish_Republic_of_Northern_Cyprus.svg,,,,Northern Cyprus,Turkish Republic of Northern Cyprus,None,1,372486,3355
https://upload.wikimedia.org/wikipedia/commons/1/12/Flag_of_South_Ossetia.svg,,,,South Ossetia,Republic of South Ossetia–the State of Alania,None,5,53532,3900
https://upload.wikimedia.org/wikipedia/commons/3/38/Flag_of_Cape_Verde.svg,132,CV,CPV,Cape Verde,Republic of Cabo Verde,Member,195,562000,4030
https://upload.wikimedia.org/wikipedia/commons/b/bc/Flag_of_Transnistria_%28state%29.svg,,,,Transnistria,Pridnestrovian Moldavian Republic,None,0,469000,4163
https://upload.wikimedia.org/wikipedia/commons/6/64/Flag_of_Trinidad_and_Tobago.svg,780,TT,TTO,Trinidad and Tobago,Republic of Trinidad and Tobago,Member,195,1403000,5130
https://upload.wikimedia.org/wikipedia/commons/9/9c/Flag_of_Brunei.svg,96,BN,BRN,Brunei,"Nation of Brunei, the Abode of Peace",Member,195,442000,5270
https://upload.wikimedia.org/wikipedia/commons/0/00/Flag_of_Palestine.svg,275,PS,PSE,Palestine,State of Palestine,Observer,140,5223000,6020
https://upload.wikimedia.org/wikipedia/commons/7/7a/Flag_of_the_Republic_of_Abkhazia.svg,,,,Abkhazia,Republic of Abkhazia,None,6,245424,8660
https://upload.wikimedia.org/wikipedia/commons/d/d4/Flag_of_Cyprus.svg,196,CY,CYP,Cyprus,Republic of Cyprus,Member,194,1216000,9240
https://upload.wikimedia.org/wikipedia/commons/9/93/Flag_of_the_Bahamas.svg,44,BS,BHS,Bahamas,Commonwealth of The Bahamas,Member,195,397000,10010
https://upload.wikimedia.org/wikipedia/commons/7/77/Flag_of_The_Gambia.svg,270,GM,GMB,Gambia,Republic of The Gambia,Member,195,2487000,10120
https://upload.wikimedia.org/wikipedia/commons/5/59/Flag_of_Lebanon.svg,422,LB,LBN,Lebanon,Lebanese Republic,Member,195,6769000,10230
https://upload.wikimedia.org/wikipedia/commons/0/0a/Flag_of_Jamaica.svg,388,JM,JAM,Jamaica,,Member,195,2973000,10830
https://upload.wikimedia.org/wikipedia/commons/1/1f/Flag_of_Kosovo.svg,,,,Kosovo,Republic of Kosovo,Some agencies,97,1782115,10887
https://upload.wikimedia.org/wikipedia/commons/6/65/Flag_of_Qatar.svg,634,QA,QAT,Qatar,State of Qatar,Member,195,2931000,11610
https://upload.wikimedia.org/wikipedia/commons/b/bc/Flag_of_Vanuatu.svg,548,VU,VUT,Vanuatu,Republic of Vanuatu,Member,195,314000,12190
https://upload.wikimedia.org/wikipedia/commons/6/64/Flag_of_Montenegro.svg,499,ME,MNE,Montenegro,,Member,195,628000,13450
https://upload.wikimedia.org/wikipedia/commons/2/26/Flag_of_East_Timor.svg,626,TL,TLS,East Timor,Democratic Republic of Timor-Leste,Member,195,1344000,14870
https://upload.wikimedia.org/wikipedia/commons/f/fb/Flag_of_Eswatini.svg,748,SZ,SWZ,Eswatini,Kingdom of Eswatini,Member,195,1172000,17200
https://upload.wikimedia.org/wikipedia/commons/a/aa/Flag_of_Kuwait.svg,414,KW,KWT,Kuwait,State of Kuwait,Member,195,4329000,17820
https://upload.wikimedia.org/wikipedia/commons/b/ba/Flag_of_Fiji.svg,242,FJ,FJI,Fiji,Republic of Fiji,Member,195,903000,18270
https://upload.wikimedia.org/wikipedia/commons/f/f0/Flag_of_Slovenia.svg,705,SI,SVN,Slovenia,Republic of Slovenia,Member,195,2079000,20140
https://upload.wikimedia.org/wikipedia/commons/3/34/Flag_of_El_Salvador.svg,222,SV,SLV,El Salvador,Republic of El Salvador,Member,195,6519000,20720
https://upload.wikimedia.org/wikipedia/commons/d/d4/Flag_of_Israel.svg,376,IL,ISR,Israel,State of Israel,Member,167,8790000,21640
https://upload.wikimedia.org/wikipedia/commons/e/e7/Flag_of_Belize.svg,84,BZ,BLZ,Belize,,Member,195,405000,22810
https://upload.wikimedia.org/wikipedia/commons/3/34/Flag_of_Djibouti.svg,262,DJ,DJI,Djibouti,Republic of Djibouti,Member,195,1002000,23180
https://upload.wikimedia.org/wikipedia/commons/1/17/Flag_of_Rwanda.svg,646,RW,RWA,Rwanda,Republic of Rwanda,Member,195,13277000,24670
https://upload.wikimedia.org/wikipedia/commons/7/79/Flag_of_North_Macedonia.svg,807,MK,MKD,North Macedonia,Republic of North Macedonia,Member,195,2083000,25220
https://upload.wikimedia.org/wikipedia/commons/5/50/Flag_of_Burundi.svg,108,BI,BDI,Burundi,Republic of Burundi,Member,195,12255000,25680
https://upload.wikimedia.org/wikipedia/commons/3/36/Flag_of_Albania.svg,8,AL,ALB,Albania,Republic of Albania,Member,195,2873000,27400
https://upload.wikimedia.org/wikipedia/commons/5/56/Flag_of_Haiti.svg,332,HT,HTI,Haiti,Republic of Haiti,Member,195,11542000,27560
https://upload.wikimedia.org/wikipedia/commons/7/74/Flag_of_the_Solomon_Islands.svg,90,SB,SLB,Solomon Islands,,Member,195,704000,27990
https://upload.wikimedia.org/wikipedia/commons/3/31/Flag_of_Equatorial_Guinea.svg,226,GQ,GNQ,Equatorial Guinea,Republic of Equatorial Guinea,Member,195,1450000,28050
https://upload.wikimedia.org/wikipedia/commons/0/01/Flag_of_Guinea-Bissau.svg,624,GW,GNB,Guinea-Bissau,Republic of Guinea-Bissau,Member,195,2015000,28120
https://upload.wikimedia.org/wikipedia/commons/2/2f/Flag_of_Armenia.svg,51,AM,ARM,Armenia,Republic of Armenia,Member,194,2968000,28470
https://upload.wikimedia.org/wikipedia/commons/9/92/Flag_of_Belgium_%28civil%29.svg,56,BE,BEL,Belgium,Kingdom of Belgium,Member,195,11632000,30280
https://upload.wikimedia.org/wikipedia/commons/4/4a/Flag_of_Lesotho.svg,426,LS,LSO,Lesotho,Kingdom of Lesotho,Member,195,2159000,30360
https://upload.wikimedia.org/wikipedia/commons/2/27/Flag_of_Moldova.svg,498,MD,MDA,Moldova,Republic of Moldova,Member,195,4024000,32870
https://upload.wikimedia.org/wikipedia/commons/2/20/Flag_of_the_Netherlands.svg,528,NL,NLD,Netherlands,Kingdom of the Netherlands,Member,195,17173000,33690
https://upload.wikimedia.org/wikipedia/commons/7/72/Flag_of_the_Republic_of_China.svg,158,TW,TWN,Taiwan,Republic of China,Formerly,15,23855000,36193
https://upload.wikimedia.org/wikipedia/commons/9/91/Flag_of_Bhutan.svg,64,BT,BTN,Bhutan,Kingdom of Bhutan,Member,195,780000,38117
https://upload.wikimedia.org/wikipedia/commons/f/f3/Flag_of_Switzerland.svg,756,CH,CHE,Switzerland,Swiss Confederation,Member,195,8715000,39516
https://upload.wikimedia.org/wikipedia/commons/9/9c/Flag_of_Denmark.svg,208,DK,DNK,Denmark,Kingdom of Denmark,Member,195,5813000,42262
https://upload.wikimedia.org/wikipedia/commons/8/8f/Flag_of_Estonia.svg,233,EE,EST,Estonia,Republic of Estonia,Member,195,1325000,42390
https://upload.wikimedia.org/wikipedia/commons/e/e6/Flag_of_Slovakia.svg,703,SK,SVK,Slovakia,Slovak Republic,Member,195,5461000,48086
https://upload.wikimedia.org/wikipedia/commons/9/9f/Flag_of_the_Dominican_Republic.svg,214,DO,DOM,Dominican Republic,,Member,195,10954000,48310
https://upload.wikimedia.org/wikipedia/commons/f/f2/Flag_of_Costa_Rica.svg,188,CR,CRI,Costa Rica,Republic of Costa Rica,Member,195,5139000,51060
https://upload.wikimedia.org/wikipedia/commons/b/bf/Flag_of_Bosnia_and_Herzegovina.svg,70,BA,BIH,Bosnia and Herzegovina,,Member,195,3263000,51200
https://upload.wikimedia.org/wikipedia/commons/6/68/Flag_of_Togo.svg,768,TG,TGO,Togo,Togolese Republic,Member,195,8478000,54390
https://upload.wikimedia.org/wikipedia/commons/1/1b/Flag_of_Croatia.svg,191,HR,HRV,Croatia,Republic of Croatia,Member,195,4082000,55960
https://upload.wikimedia.org/wikipedia/commons/8/84/Flag_of_Latvia.svg,428,LV,LVA,Latvia,Republic of Latvia,Member,195,1867000,62180
https://upload.wikimedia.org/wikipedia/commons/1/11/Flag_of_Lithuania.svg,440,LT,LTU,Lithuania,Republic of Lithuania,Member,195,2690000,62650
https://upload.wikimedia.org/wikipedia/commons/1/11/Flag_of_Sri_Lanka.svg,144,LK,LKA,Sri Lanka,Democratic Socialist Republic of Sri Lanka,Member,195,21497000,62710
https://upload.wikimedia.org/wikipedia/commons/4/45/Flag_of_Ireland.svg,372,IE,IRL,Ireland,Republic of Ireland,Member,195,4983000,68890
https://upload.wikimedia.org/wikipedia/commons/0/0f/Flag_of_Georgia.svg,268,GE,GEO,Georgia,,Member,195,3980000,69490
https://upload.wikimedia.org/wikipedia/commons/1/17/Flag_of_Sierra_Leone.svg,694,SL,SLE,Sierra Leone,Republic of Sierra Leone,Member,195,8141000,72180
https://upload.wikimedia.org/wikipedia/commons/a/ab/Flag_of_Panama.svg,591,PA,PAN,Panama,Republic of Panama,Member,195,4382000,74340
https://upload.wikimedia.org/wikipedia/commons/c/cb/Flag_of_the_Czech_Republic.svg,203,CZ,CZE,Czechia,Czech Republic,Member,195,10725000,77210
https://upload.wikimedia.org/wikipedia/commons/4/41/Flag_of_Austria.svg,40,AT,AUT,Austria,Republic of Austria,Member,195,9043000,82523
https://upload.wikimedia.org/wikipedia/commons/d/dd/Flag_of_Azerbaijan.svg,31,AZ,AZE,Azerbaijan,Republic of Azerbaijan,Member,195,10223000,82663
https://upload.wikimedia.org/wikipedia/commons/c/cb/Flag_of_the_United_Arab_Emirates.svg,784,AE,ARE,United Arab Emirates,,Member,195,9991000,83600
https://upload.wikimedia.org/wikipedia/commons/f/ff/Flag_of_Serbia.svg,688,RS,SRB,Serbia,Republic of Serbia,Member,195,8698000,87460
https://upload.wikimedia.org/wikipedia/commons/c/c0/Flag_of_Jordan.svg,400,JO,JOR,Jordan,Hashemite Kingdom of Jordan,Member,195,10269000,88780
https://upload.wikimedia.org/wikipedia/commons/c/c1/Flag_of_Hungary.svg,348,HU,HUN,Hungary,,Member,195,9634000,90530
https://upload.wikimedia.org/wikipedia/commons/5/5c/Flag_of_Portugal.svg,620,PT,PRT,Portugal,Portuguese Republic,Member,195,10168000,91605
https://upload.wikimedia.org/wikipedia/commons/d/d1/Flag_of_Malawi.svg,454,MW,MWI,Malawi,Republic of Malawi,Member,195,19648000,94280
https://upload.wikimedia.org/wikipedia/commons/b/b8/Flag_of_Liberia.svg,430,LR,LBR,Liberia,Republic of Liberia,Member,195,5180000,96320
https://upload.wikimedia.org/wikipedia/commons/0/09/Flag_of_South_Korea.svg,410,KR,KOR,South Korea,Republic of Korea,Member,194,51305000,97480
https://upload.wikimedia.org/wikipedia/commons/c/ce/Flag_of_Iceland.svg,352,IS,ISL,Iceland,,Member,195,343000,100250
https://upload.wikimedia.org/wikipedia/commons/2/29/Flag_of_Eritrea.svg,232,ER,ERI,Eritrea,State of Eritrea,Member,195,3601000,101000
https://upload.wikimedia.org/wikipedia/commons/b/bd/Flag_of_Cuba.svg,192,CU,CUB,Cuba,Republic of Cuba,Member,195,11317000,104020
https://upload.wikimedia.org/wikipedia/commons/e/ec/Flag_of_Guatemala.svg,320,GT,GTM,Guatemala,Republic of Guatemala,Member,195,18250000,107160
https://upload.wikimedia.org/wikipedia/commons/9/9a/Flag_of_Bulgaria.svg,100,BG,BGR,Bulgaria,Republic of Bulgaria,Member,195,6897000,108560
https://upload.wikimedia.org/wikipedia/commons/8/82/Flag_of_Honduras.svg,340,HN,HND,Honduras,Republic of Honduras,Member,195,10063000,111890
https://upload.wikimedia.org/wikipedia/commons/0/0a/Flag_of_Benin.svg,204,BJ,BEN,Benin,Republic of Benin,Member,195,12451000,112760
https://upload.wikimedia.org/wikipedia/commons/1/19/Flag_of_Nicaragua.svg,558,NI,NIC,Nicaragua,Republic of Nicaragua,Member,195,6702000,120340
https://upload.wikimedia.org/wikipedia/commons/5/51/Flag_of_North_Korea.svg,408,KP,PRK,North Korea,Democratic People's Republic of Korea,Member,192,25887000,120410
https://upload.wikimedia.org/wikipedia/commons/5/5c/Flag_of_Greece.svg,300,GR,GRC,Greece,Hellenic Republic,Member,195,10371000,128900
https://upload.wikimedia.org/wikipedia/commons/f/f9/Flag_of_Bangladesh.svg,50,BD,BGD,Bangladesh,People's Republic of Bangladesh,Member,195,166303000,130170
https://upload.wikimedia.org/wikipedia/commons/d/d0/Flag_of_Tajikistan.svg,762,TJ,TJK,Tajikistan,Republic of Tajikistan,Member,195,9750000,138786
https://upload.wikimedia.org/wikipedia/commons/9/9b/Flag_of_Nepal.svg,524,NP,NPL,Nepal,Federal Democratic Republic of Nepal,Member,195,29675000,143350
https://upload.wikimedia.org/wikipedia/commons/c/ce/Flag_of_Tunisia.svg,788,TN,TUN,Tunisia,Republic of Tunisia,Member,195,11936000,155360
https://upload.wikimedia.org/wikipedia/commons/6/60/Flag_of_Suriname.svg,740,SR,SUR,Suriname,Republic of Suriname,Member,195,592000,156000
https://upload.wikimedia.org/wikipedia/commons/f/fe/Flag_of_Uruguay.svg,858,UY,URY,Uruguay,Oriental Republic of Uruguay,Member,195,3485000,175020
https://upload.wikimedia.org/wikipedia/commons/4/4d/Flag_of_Somaliland.svg,,,,Somaliland,Republic of Somaliland,None,0,,176120
https://upload.wikimedia.org/wikipedia/commons/8/83/Flag_of_Cambodia.svg,116,KH,KHM,Cambodia,Kingdom of Cambodia,Member,195,16946000,176520
https://upload.wikimedia.org/wikipedia/commons/5/53/Flag_of_Syria.svg,760,SY,SYR,Syria,Syrian Arab Republic,Member,195,18276000,183630
https://upload.wikimedia.org/wikipedia/commons/c/c7/Flag_of_Kyrgyzstan.svg,417,KG,KGZ,Kyrgyzstan,Kyrgyz Republic,Member,195,6628000,191800
https://upload.wikimedia.org/wikipedia/commons/f/fd/Flag_of_Senegal.svg,686,SN,SEN,Senegal,Republic of Senegal,Member,195,17196000,192530
https://upload.wikimedia.org/wikipedia/commons/9/99/Flag_of_Guyana.svg,328,GY,GUY,Guyana,Co-operative Republic of Guyana,Member,195,790000,196850
https://upload.wikimedia.org/wikipedia/commons/4/4e/Flag_of_Uganda.svg,800,UG,UGA,Uganda,Republic of Uganda,Member,195,47124000,200520
https://upload.wikimedia.org/wikipedia/commons/8/85/Flag_of_Belarus.svg,112,BY,BLR,Belarus,Republic of Belarus,Member,195,9443000,202910
https://upload.wikimedia.org/wikipedia/commons/1/19/Flag_of_Ghana.svg,288,GH,GHA,Ghana,Republic of Ghana,Member,195,31732000,227540
https://upload.wikimedia.org/wikipedia/commons/7/73/Flag_of_Romania.svg,642,RO,ROU,Romania,,Member,195,19128000,230080
https://upload.wikimedia.org/wikipedia/commons/5/56/Flag_of_Laos.svg,418,LA,LAO,Laos,Lao People's Democratic Republic,Member,195,7379000,230800
https://upload.wikimedia.org/wikipedia/commons/a/ae/Flag_of_the_United_Kingdom.svg,826,GB,GBR,United Kingdom,United Kingdom of Great Britain and Northern Ireland,Member,195,68207000,241930
https://upload.wikimedia.org/wikipedia/commons/e/ed/Flag_of_Guinea.svg,324,GN,GIN,Guinea,Republic of Guinea,Member,195,13497000,245720
https://upload.wikimedia.org/wikipedia/commons/e/e8/Flag_of_Ecuador.svg,218,EC,ECU,Ecuador,Republic of Ecuador,Member,195,17888000,248360
https://upload.wikimedia.org/wikipedia/commons/0/04/Flag_of_Gabon.svg,266,GA,GAB,Gabon,Gabonese Republic,Member,195,2279000,257670
https://upload.wikimedia.org/wikipedia/commons/3/3e/Flag_of_New_Zealand.svg,554,NZ,NZL,New Zealand,,Member,195,4861000,263310
https://upload.wikimedia.org/wikipedia/commons/2/26/Flag_of_the_Sahrawi_Arab_Democratic_Republic.svg,732,EH,ESH,Sahrawi Arab Democratic Republic,,None,41,,266000
https://upload.wikimedia.org/wikipedia/commons/3/31/Flag_of_Burkina_Faso.svg,854,BF,BFA,Burkina Faso,,Member,195,21497000,273600
https://upload.wikimedia.org/wikipedia/commons/0/03/Flag_of_Italy.svg,380,IT,ITA,Italy,Italian Republic,Member,195,60367000,294140
https://upload.wikimedia.org/wikipedia/commons/9/99/Flag_of_the_Philippines.svg,608,PH,PHL,Philippines,Republic of the Philippines,Member,195,111047000,298170
https://upload.wikimedia.org/wikipedia/commons/b/bc/Flag_of_Finland.svg,246,FI,FIN,Finland,Republic of Finland,Member,195,5548000,303890
https://upload.wikimedia.org/wikipedia/commons/1/12/Flag_of_Poland.svg,616,PL,POL,Poland,Republic of Poland,Member,195,37797000,306190
https://upload.wikimedia.org/wikipedia/commons/d/dd/Flag_of_Oman.svg,512,OM,OMN,Oman,Sultanate of Oman,Member,195,5223000,309500
https://upload.wikimedia.org/wikipedia/commons/2/21/Flag_of_Vietnam.svg,704,VN,VNM,Vietnam,Socialist Republic of Vietnam,Member,195,98169000,310070
https://upload.wikimedia.org/wikipedia/commons/f/fe/Flag_of_C%C3%B4te_d%27Ivoire.svg,384,CI,CIV,Ivory Coast,Republic of Côte d'Ivoire,Member,195,27054000,318000
https://upload.wikimedia.org/wikipedia/commons/6/66/Flag_of_Malaysia.svg,458,MY,MYS,Malaysia,,Member,195,32776000,328550
https://upload.wikimedia.org/wikipedia/commons/9/92/Flag_of_the_Republic_of_the_Congo.svg,178,CG,COG,Congo,Republic of the Congo,Member,195,5657000,341500
https://upload.wikimedia.org/wikipedia/commons/b/ba/Flag_of_Germany.svg,276,DE,DEU,Germany,Federal Republic of Germany,Member,195,83900000,348900
https://upload.wikimedia.org/wikipedia/commons/9/9e/Flag_of_Japan.svg,392,JP,JPN,Japan,,Member,195,126051000,364560
https://upload.wikimedia.org/wikipedia/commons/d/d9/Flag_of_Norway.svg,578,NO,NOR,Norway,Kingdom of Norway,Member,195,5466000,365245
https://upload.wikimedia.org/wikipedia/commons/6/6a/Flag_of_Zimbabwe.svg,716,ZW,ZWE,Zimbabwe,Republic of Zimbabwe,Member,195,15092000,386850
https://upload.wikimedia.org/wikipedia/commons/2/27/Flag_of_Paraguay.svg,600,PY,PRY,Paraguay,Republic of Paraguay,Member,195,7220000,397300
https://upload.wikimedia.org/wikipedia/commons/4/4c/Flag_of_Sweden.svg,752,SE,SWE,Sweden,Kingdom of Sweden,Member,195,10160000,407310
https://upload.wikimedia.org/wikipedia/commons/8/84/Flag_of_Uzbekistan.svg,860,UZ,UZB,Uzbekistan,Republic of Uzbekistan,Member,195,33936000,425400
https://upload.wikimedia.org/wikipedia/commons/f/f6/Flag_of_Iraq.svg,368,IQ,IRQ,Iraq,Republic of Iraq,Member,195,41179000,434320
https://upload.wikimedia.org/wikipedia/commons/2/2c/Flag_of_Morocco.svg,504,MA,MAR,Morocco,Kingdom of Morocco,Member,195,37345000,446300
https://upload.wikimedia.org/wikipedia/commons/e/e3/Flag_of_Papua_New_Guinea.svg,598,PG,PNG,Papua New Guinea,Independent State of Papua New Guinea,Member,195,9119000,452860
https://upload.wikimedia.org/wikipedia/commons/1/1b/Flag_of_Turkmenistan.svg,795,TM,TKM,Turkmenistan,,Member,195,6118000,469930
https://upload.wikimedia.org/wikipedia/commons/4/4f/Flag_of_Cameroon.svg,120,CM,CMR,Cameroon,Republic of Cameroon,Member,195,27224000,472710
https://upload.wikimedia.org/wikipedia/commons/9/9a/Flag_of_Spain.svg,724,ES,ESP,Spain,Kingdom of Spain,Member,195,46745000,500210
https://upload.wikimedia.org/wikipedia/commons/a/a9/Flag_of_Thailand.svg,764,TH,THA,Thailand,Kingdom of Thailand,Member,195,69951000,510890
https://upload.wikimedia.org/wikipedia/commons/8/89/Flag_of_Yemen.svg,887,YE,YEM,Yemen,Republic of Yemen,Member,195,30491000,527970
https://upload.wikimedia.org/wikipedia/commons/c/c3/Flag_of_France.svg,250,FR,FRA,France,French Republic,Member,195,65426000,547557
https://upload.wikimedia.org/wikipedia/commons/f/fa/Flag_of_Botswana.svg,72,BW,BWA,Botswana,Republic of Botswana,Member,195,2397000,566730
https://upload.wikimedia.org/wikipedia/commons/4/49/Flag_of_Kenya.svg,404,KE,KEN,Kenya,Republic of Kenya,Member,195,54986000,569140
https://upload.wikimedia.org/wikipedia/commons/4/49/Flag_of_Ukraine.svg,804,UA,UKR,Ukraine,,Member,195,43467000,579290
https://upload.wikimedia.org/wikipedia/commons/b/bc/Flag_of_Madagascar.svg,450,MG,MDG,Madagascar,Republic of Madagascar,Member,195,28427000,581800
https://upload.wikimedia.org/wikipedia/commons/6/6f/Flag_of_the_Central_African_Republic.svg,140,CF,CAF,Central African Republic,,Member,195,4920000,622980
https://upload.wikimedia.org/wikipedia/commons/a/a0/Flag_of_Somalia.svg,706,SO,SOM,Somalia,Federal Republic of Somalia,Member,195,16360000,627340
https://upload.wikimedia.org/wikipedia/commons/5/5c/Flag_of_the_Taliban.svg,4,AF,AFG,Afghanistan,Islamic Emirate of Afghanistan,None,0,39835000,652860
https://upload.wikimedia.org/wikipedia/commons/8/8c/Flag_of_Myanmar.svg,104,MM,MMR,Myanmar,Republic of the Union of Myanmar,Member,195,54806000,653080
https://upload.wikimedia.org/wikipedia/commons/0/06/Flag_of_Zambia.svg,894,ZM,ZMB,Zambia,Republic of Zambia,Member,195,18921000,743390
https://upload.wikimedia.org/wikipedia/commons/7/78/Flag_of_Chile.svg,152,CL,CHL,Chile,Republic of Chile,Member,195,19212000,743532
https://upload.wikimedia.org/wikipedia/commons/b/b4/Flag_of_Turkey.svg,792,TR,TUR,Turkey,Republic of Turkey,Member,195,85043000,769630
https://upload.wikimedia.org/wikipedia/commons/3/32/Flag_of_Pakistan.svg,586,PK,PAK,Pakistan,Islamic Republic of Pakistan,Member,195,225200000,770880
https://upload.wikimedia.org/wikipedia/commons/d/d0/Flag_of_Mozambique.svg,508,MZ,MOZ,Mozambique,Republic of Mozambique,Member,195,32163000,786380
https://upload.wikimedia.org/wikipedia/commons/0/00/Flag_of_Namibia.svg,516,NA,NAM,Namibia,Republic of Namibia,Member,195,2587000,823290
https://upload.wikimedia.org/wikipedia/commons/0/06/Flag_of_Venezuela.svg,862,VE,VEN,Venezuela,Bolivarian Republic of Venezuela,Member,195,28705000,882050
https://upload.wikimedia.org/wikipedia/commons/3/38/Flag_of_Tanzania.svg,834,TZ,TZA,Tanzania,United Republic of Tanzania,Member,195,61498000,885800
https://upload.wikimedia.org/wikipedia/commons/7/79/Flag_of_Nigeria.svg,566,NG,NGA,Nigeria,Federal Republic of Nigeria,Member,195,211401000,910770
https://upload.wikimedia.org/wikipedia/commons/f/fe/Flag_of_Egypt.svg,818,EG,EGY,Egypt,Arab Republic of Egypt,Member,195,104258000,995450
https://upload.wikimedia.org/wikipedia/commons/7/71/Flag_of_Ethiopia.svg,231,ET,ETH,Ethiopia,Federal Democratic Republic of Ethiopia,Member,195,117876000,1000000
https://upload.wikimedia.org/wikipedia/commons/4/43/Flag_of_Mauritania.svg,478,MR,MRT,Mauritania,Islamic Republic of Mauritania,Member,195,4775000,1030700
https://upload.wikimedia.org/wikipedia/commons/4/48/Flag_of_Bolivia.svg,68,BO,BOL,Bolivia,Plurinational State of Bolivia,Member,195,11833000,1083300
https://upload.wikimedia.org/wikipedia/commons/2/21/Flag_of_Colombia.svg,170,CO,COL,Colombia,Republic of Colombia,Member,195,51266000,1109500
https://upload.wikimedia.org/wikipedia/commons/a/af/Flag_of_South_Africa.svg,710,ZA,ZAF,South Africa,Republic of South Africa,Member,195,60042000,1213090
https://upload.wikimedia.org/wikipedia/commons/9/92/Flag_of_Mali.svg,466,ML,MLI,Mali,Republic of Mali,Member,195,20856000,1220190
https://upload.wikimedia.org/wikipedia/commons/9/9d/Flag_of_Angola.svg,24,AO,AGO,Angola,Republic of Angola,Member,195,33934000,1246700
https://upload.wikimedia.org/wikipedia/commons/4/4b/Flag_of_Chad.svg,148,TD,TCD,Chad,Republic of Chad,Member,195,16915000,1259200
https://upload.wikimedia.org/wikipedia/commons/f/f4/Flag_of_Niger.svg,562,NE,NER,Niger,Republic of Niger,Member,195,25131000,1266700
https://upload.wikimedia.org/wikipedia/commons/c/cf/Flag_of_Peru.svg,604,PE,PER,Peru,Republic of Peru,Member,195,33359000,1280000
https://upload.wikimedia.org/wikipedia/commons/4/4c/Flag_of_Mongolia.svg,496,MN,MNG,Mongolia,,Member,195,3329000,1553560
https://upload.wikimedia.org/wikipedia/commons/c/ca/Flag_of_Iran.svg,364,IR,IRN,Iran,Islamic Republic of Iran,Member,195,85029000,1628760
https://upload.wikimedia.org/wikipedia/commons/0/05/Flag_of_Libya.svg,434,LY,LBY,Libya,State of Libya,Member,195,6959000,1759540
https://upload.wikimedia.org/wikipedia/commons/9/9f/Flag_of_Indonesia.svg,360,ID,IDN,Indonesia,Republic of Indonesia,Member,195,276362000,1811570
https://upload.wikimedia.org/wikipedia/commons/f/fc/Flag_of_Mexico.svg,484,MX,MEX,Mexico,United Mexican States,Member,195,130262000,1943950
https://upload.wikimedia.org/wikipedia/commons/0/0d/Flag_of_Saudi_Arabia.svg,682,SA,SAU,Saudi Arabia,Kingdom of Saudi Arabia,Member,195,35341000,2149690
https://upload.wikimedia.org/wikipedia/commons/6/6f/Flag_of_the_Democratic_Republic_of_the_Congo.svg,180,CD,COD,DR Congo,Democratic Republic of the Congo,Member,195,92378000,2267050
https://upload.wikimedia.org/wikipedia/commons/0/01/Flag_of_Sudan.svg,729,SD,SDN,Sudan,Republic of the Sudan,Member,195,44909000,2376000
https://upload.wikimedia.org/wikipedia/commons/7/77/Flag_of_Algeria.svg,12,DZ,DZA,Algeria,People's Democratic Republic of Algeria,Member,195,44617000,2381741
https://upload.wikimedia.org/wikipedia/commons/d/d3/Flag_of_Kazakhstan.svg,398,KZ,KAZ,Kazakhstan,Republic of Kazakhstan,Member,195,18995000,2699700
https://upload.wikimedia.org/wikipedia/commons/1/1a/Flag_of_Argentina.svg,32,AR,ARG,Argentina,Argentine Republic,Member,195,45606000,2736690
https://upload.wikimedia.org/wikipedia/commons/4/41/Flag_of_India.svg,356,IN,IND,India,Republic of India,Member,195,1393409000,2973190
https://upload.wikimedia.org/wikipedia/commons/8/88/Flag_of_Australia_%28converted%29.svg,36,AU,AUS,Australia,Commonwealth of Australia,Member,195,25788000,7682300
https://upload.wikimedia.org/wikipedia/commons/0/05/Flag_of_Brazil.svg,76,BR,BRA,Brazil,Federative Republic of Brazil,Member,195,213993000,8358140
https://upload.wikimedia.org/wikipedia/commons/d/d9/Flag_of_Canada_%28Pantone%29.svg,124,CA,CAN,Canada,,Member,195,38068000,9093510
https://upload.wikimedia.org/wikipedia/commons/a/a4/Flag_of_the_United_States.svg,840,US,USA,United States,United States of America,Member,195,332915000,9147420
https://upload.wikimedia.org/wikipedia/commons/f/fa/Flag_of_the_People%27s_Republic_of_China.svg,156,CN,CHN,China,People's Republic of China,Member,180,1444216000,9388211
https://upload.wikimedia.org/wikipedia/commons/f/f3/Flag_of_Russia.svg,643,RU,RUS,Russia,Russian Federation,Member,195,145912000,16376870
https://upload.wikimedia.org/wikipedia/commons/7/7a/Flag_of_South_Sudan.svg,728,SS,SSD,South Sudan,Republic of South Sudan,Member,195,11381000,
https://upload.wikimedia.org/wikipedia/commons/5/52/Flag_of_%C3%85land.svg,248,AX,ALA,Åland Islands,,Dependent on FI,0,30354,
https://upload.wikimedia.org/wikipedia/commons/8/87/Flag_of_American_Samoa.svg,16,AS,ASM,American Samoa,,Dependent on US,0,55197,
https://upload.wikimedia.org/wikipedia/commons/b/b4/Flag_of_Anguilla.svg,660,AI,AIA,Anguilla,,Dependent on GB,0,15002,
https://upload.wikimedia.org/wikipedia/commons/b/bb/Proposed_flag_of_Antarctica_%28Graham_Bartram%29.svg,10,AQ,ATA,Antarctica,,Dependent on various,0,#N/A,
https://upload.wikimedia.org/wikipedia/commons/f/f6/Flag_of_Aruba.svg,533,AW,ABW,Aruba,,Dependent on NL,0,106766,
https://upload.wikimedia.org/wikipedia/commons/b/bf/Flag_of_Bermuda.svg,60,BM,BMU,Bermuda,,Dependent on GB,0,62273,
https://upload.wikimedia.org/wikipedia/commons/2/20/Flag_of_the_Netherlands.svg,535,BQ,BES,"Bonaire, Sint Eustatius and Saba",,Dependent on NL,0,26221,
https://upload.wikimedia.org/wikipedia/commons/d/d9/Flag_of_Norway.svg,74,BV,BVT,Bouvet Island,,Dependent on NO,0,#N/A,
https://upload.wikimedia.org/wikipedia/commons/6/65/Flag_of_the_Commissioner_of_the_British_Indian_Ocean_Territory.svg,86,IO,IOT,British Indian Ocean Territory,,Dependent on GB,0,#N/A,
https://upload.wikimedia.org/wikipedia/commons/0/0f/Flag_of_the_Cayman_Islands.svg,136,KY,CYM,Cayman Islands,,Dependent on GB,0,65720,
https://upload.wikimedia.org/wikipedia/commons/6/67/Flag_of_Christmas_Island.svg,162,CX,CXR,Christmas Island,,Dependent on AU,0,#N/A,
https://upload.wikimedia.org/wikipedia/commons/7/74/Flag_of_the_Cocos_%28Keeling%29_Islands.svg,166,CC,CCK,Cocos Islands,,Dependent on AU,0,#N/A,
https://upload.wikimedia.org/wikipedia/commons/3/35/Flag_of_the_Cook_Islands.svg,184,CK,COK,Cook Islands,,Dependent on NZ,0,17564,
https://upload.wikimedia.org/wikipedia/commons/b/b1/Flag_of_Cura%C3%A7ao.svg,531,CW,CUW,Curaçao,,Dependent on NL,0,164100,
https://upload.wikimedia.org/wikipedia/commons/8/83/Flag_of_the_Falkland_Islands.svg,238,FK,FLK,Falkland Islands,,Dependent on GB,0,3483,
https://upload.wikimedia.org/wikipedia/commons/3/3c/Flag_of_the_Faroe_Islands.svg,234,FO,FRO,Faroe Islands,,Dependent on DK,0,48865,
https://upload.wikimedia.org/wikipedia/commons/2/29/Flag_of_French_Guiana.svg,254,GF,GUF,French Guiana,,Dependent on FR,0,298682,
https://upload.wikimedia.org/wikipedia/commons/d/db/Flag_of_French_Polynesia.svg,258,PF,PYF,French Polynesia,,Dependent on FR,0,280904,
https://upload.wikimedia.org/wikipedia/commons/a/a7/Flag_of_the_French_Southern_and_Antarctic_Lands.svg,260,TF,ATF,French Southern Territories,,Dependent on FR,0,#N/A,
https://upload.wikimedia.org/wikipedia/commons/0/02/Flag_of_Gibraltar.svg,292,GI,GIB,Gibraltar,,Dependent on GB,0,33691,
https://upload.wikimedia.org/wikipedia/commons/0/09/Flag_of_Greenland.svg,304,GL,GRL,Greenland,,Dependent on DK,0,56772,
https://upload.wikimedia.org/wikipedia/commons/8/8a/Flag_of_Guadeloupe_%28Local%29.svg,312,GP,GLP,Guadeloupe,,Dependent on FR,0,400127,
https://upload.wikimedia.org/wikipedia/commons/0/07/Flag_of_Guam.svg,316,GU,GUM,Guam,,Dependent on US,0,168783,
https://upload.wikimedia.org/wikipedia/commons/f/fa/Flag_of_Guernsey.svg,831,GG,GGY,Guernsey,,Dependent on GB,0,63124,
https://upload.wikimedia.org/wikipedia/commons/8/88/Flag_of_Australia_%28converted%29.svg,334,HM,HMD,Heard Island and McDonald Islands,,Dependent on AU,0,#N/A,
https://upload.wikimedia.org/wikipedia/commons/5/5b/Flag_of_Hong_Kong.svg,344,HK,HKG,Hong Kong,,Dependent on CN,0,7496988,
https://upload.wikimedia.org/wikipedia/commons/b/bc/Flag_of_the_Isle_of_Man.svg,833,IM,IMN,Isle of Man,,Dependent on GB,0,85032,
https://upload.wikimedia.org/wikipedia/commons/1/1c/Flag_of_Jersey.svg,832,JE,JEY,Jersey,,Dependent on GB,0,107800,
https://upload.wikimedia.org/wikipedia/commons/6/63/Flag_of_Macau.svg,446,MO,MAC,Macao,,Dependent on CN,0,649342,
https://upload.wikimedia.org/wikipedia/commons/2/21/Flag_of_the_Territorial_Collectivity_of_Martinique.svg,474,MQ,MTQ,Martinique,,Dependent on FR,0,375265,
https://upload.wikimedia.org/wikipedia/en/c/c3/Flag_of_France.svg,175,YT,MYT,Mayotte,,Dependent on FR,0,272813,
https://upload.wikimedia.org/wikipedia/commons/d/d0/Flag_of_Montserrat.svg,500,MS,MSR,Montserrat,,Dependent on GB,0,4999,
https://upload.wikimedia.org/wikipedia/commons/6/66/Flag_of_FLNKS.svg,540,NC,NCL,New Caledonia,,Dependent on FR,0,285491,
https://upload.wikimedia.org/wikipedia/commons/0/01/Flag_of_Niue.svg,570,NU,NIU,Niue,,Dependent on NZ,0,1618,
https://upload.wikimedia.org/wikipedia/commons/4/48/Flag_of_Norfolk_Island.svg,574,NF,NFK,Norfolk Island,,Dependent on AU,0,1734,
https://upload.wikimedia.org/wikipedia/commons/e/e0/Flag_of_the_Northern_Mariana_Islands.svg,580,MP,MNP,Northern Mariana Islands,,Dependent on US,0,57557,
https://upload.wikimedia.org/wikipedia/commons/8/88/Flag_of_the_Pitcairn_Islands.svg,612,PN,PCN,Pitcairn,,Dependent on GB,0,40,
https://upload.wikimedia.org/wikipedia/commons/2/28/Flag_of_Puerto_Rico.svg,630,PR,PRI,Puerto Rico,,Dependent on US,0,2860840,
https://upload.wikimedia.org/wikipedia/commons/8/8e/Proposed_flag_of_Réunion_(VAR).svg,638,RE,REU,Réunion,,Dependent on FR,0,895308,
https://upload.wikimedia.org/wikipedia/commons/e/e7/Flag_of_Saint_Barth%C3%A9lemy_%28Local%29.svg,652,BL,BLM,Saint Barthélemy,,Dependent on FR,0,9885,
https://upload.wikimedia.org/wikipedia/en/a/ae/Flag_of_the_United_Kingdom.svg,654,SH,SHN,"Saint Helena, Ascension and Tristan da Cunha",,Dependent on GB,0,6071,
,663,MF,MAF,Saint Martin,,Dependent on FR,0,38659,
https://upload.wikimedia.org/wikipedia/commons/7/74/Flag_of_Saint-Pierre_and_Miquelon.svg,666,PM,SPM,Saint Pierre and Miquelon,,Dependent on FR,0,5795,
https://upload.wikimedia.org/wikipedia/commons/d/d3/Flag_of_Sint_Maarten.svg,534,SX,SXM,Sint Maarten,,Dependent on NL,0,42882,
https://upload.wikimedia.org/wikipedia/commons/e/ed/Flag_of_South_Georgia_and_the_South_Sandwich_Islands.svg,239,GS,SGS,South Georgia and the South Sandwich Islands,,Dependent on GB,0,#N/A,
https://upload.wikimedia.org/wikipedia/commons/d/d9/Flag_of_Norway.svg,744,SJ,SJM,Svalbard and Jan Mayen,,Dependent on NO,0,#N/A,
https://upload.wikimedia.org/wikipedia/commons/8/8e/Flag_of_Tokelau.svg,772,TK,TKL,Tokelau,,Dependent on NZ,0,1350,
https://upload.wikimedia.org/wikipedia/commons/a/a0/Flag_of_the_Turks_and_Caicos_Islands.svg,796,TC,TCA,Turks and Caicos Islands,,Dependent on GB,0,38718,
https://upload.wikimedia.org/wikipedia/en/a/a4/Flag_of_the_United_States.svg,581,UM,UMI,United States Minor Outlying Islands,,Dependent on US,0,#N/A,
https://upload.wikimedia.org/wikipedia/commons/4/42/Flag_of_the_British_Virgin_Islands.svg,92,VG,VGB,Virgin Islands (UK),,Dependent on GB,0,30237,
https://upload.wikimedia.org/wikipedia/commons/f/f8/Flag_of_the_United_States_Virgin_Islands.svg,850,VI,VIR,Virgin Islands (US),,Dependent on US,0,104423,
https://upload.wikimedia.org/wikipedia/commons/d/d2/Flag_of_Wallis_and_Futuna.svg,876,WF,WLF,Wallis and Futuna,,Dependent on FR,0,11246,